pick,season,team,player,position,school,affiliation,trade,generation.adidas,head.coach,year.one.min,year.two.min,yr.one.two.min,ev,diff
1,2007,TOR,maurice edu,M,Maryland,None,0,1,Mo Johnston,2635,1334,3969,3259.6359927263,709.3640072737
1,2008,SKC,chance myers,D,UCLA,Ventura County Fusion,1,1,Curt Onalfo,823,199,1022,3259.6359927263,-2237.6359927263
1,2009,SEA,steve zakuani,F,University of Akron,Cleveland Internationals,0,1,Sigi Schmid,2409,2762,5171,3259.6359927263,1911.3640072737
1,2010,PHI,danny mwanga,Forward,Oregon State University,None,0,1,Piotr Nowak,1766,1646,3412,3259.6359927263,152.3640072737
1,2011,VAN,omar salgado,Forward,United States U-20,None,0,1,Teitur Thordarson,548,416,964,3259.6359927263,-2295.6359927263
1,2012,MTL,andrew wenger,Forward,Duke University,None,0,1,Jesse Marsch,916,954,1870,3259.6359927263,-1389.6359927263
1,2013,NE,andrew farrell,Defender,Louisville,River City Rovers,1,1,Jay Heaps,3092,3021,6113,3259.6359927263,2853.3640072737
1,2014,PHI,andre blake,Goalkeeper,Connecticut,None,1,1,John Hackworth,93,560,653,3259.6359927263,-2606.6359927263
1,2015,ORL,cyle larin,Forward,Connecticut,None,0,1,Adrian Heath,1966,2588,4554,3259.6359927263,1294.3640072737
2,2007,CHI,bakary soumare,D,Virginia,None,1,1,Dave Sarachan,1295,3039,4334,3078.9282957732,1255.0717042268
2,2008,FCD,brek shea,M,Generation adidas,None,1,1,Steve Morrow,20,878,898,3078.9282957732,-2180.9282957732
2,2009,TOR,sam cronin,M,Wake Forest University,Carolina Dynamo,1,0,John Carver,2856,2119,4975,3078.9282957732,1896.0717042268
2,2010,NYRB,tony tchani,Midfielder,University of Virginia,Hampton Roads Piranhas,0,1,Hans Backe,1946,1262,3208,3078.9282957732,129.0717042268
2,2011,POR,darlington nagbe,Forward,University of Akron,Cleveland Internationals,0,1,John Spencer,1712,2942,4654,3078.9282957732,1575.0717042268
2,2012,VAN,darren mattocks,Forward,University of Akron,None,0,1,Martin Rennie,1425,1007,2432,3078.9282957732,-646.9282957732
2,2013,CHV,carlos alvarez,Midfielder,Connecticut,None,0,0,Jose Luis Sanchez Sola,2297,1353,3650,3078.9282957732,571.0717042268
2,2014,DC,steve birnbaum,Defender,California,Orange County Blue Star,1,0,Ben Olsen,2106,1920,4026,3078.9282957732,947.0717042268
2,2015,NYC,khiry shelton,Forward,Oregon State,Lane United FC,0,0,Patrick Vieira,899,1228,2127,3078.9282957732,-951.9282957732
3,2007,SKC,michael harrington,D,North Carolina,None,0,0,Curt Onalfo,2927,3139,6066,2904.1219681769,3161.8780318231
3,2008,RSL,tony beltran,D,UCLA,Los Angeles Storm,0,1,Jason Kreis,1131,2248,3379,2904.1219681769,474.8780318231
3,2009,LA,omar gonzalez,D,University of Maryland,None,0,1,Bruce Arena,3230,3046,6276,2904.1219681769,3371.8780318231
3,2010,SJ,ike opara,Defender,Wake Forest University,Cary Clarets,0,1,Frank Yallop,1104,515,1619,2904.1219681769,-1285.1219681769
3,2011,DC,perry kitchen,Midfielder,University of Akron,Chicago Fire Premier,0,1,Ben Olsen,2883,2973,5856,2904.1219681769,2951.8780318231
3,2012,NE,kelyn rowe,Midfielder,UCLA,Washington Crossfire,0,1,Jay Heaps,2027,2722,4749,2904.1219681769,1844.8780318231
3,2013,TOR,kyle bekker,Midfielder,Boston College,None,1,0,Ryan Nelsen,375,1188,1563,2904.1219681769,-1341.1219681769
3,2014,VAN,christian dean,Defender,California,None,1,1,Carl Robinson,142,315,457,2904.1219681769,-2447.1219681769
3,2015,MTL,romario williams,Forward,UCF,Orlando City U-23,0,1,Frank Klopas,14,0,14,2904.1219681769,-2890.1219681769
4,2007,RSL,chris seitz,GK,Maryland,None,0,1,John Ellinger,326,0,326,2735.2277671921,-2409.2277671921
4,2008,LA,sean franklin,D,Cal State Northridge,San Fernando Valley Quakes,0,0,Ruud Gullit,2883,1360,4243,2735.2277671921,1507.7722328079
4,2009,TOR,o'brian white,F,University of Connecticut,None,0,0,John Carver,0,0,0,2735.2277671921,-2735.2277671921
4,2010,SKC,teal bunbury,Forward,University of Akron,Rochester Thunder,0,1,Peter Vermes,1742,1838,3580,2735.2277671921,844.7722328079
4,2011,CHV,zarek valentin,Defender,University of Akron,Reading United,0,1,Robin Fraser,2230,1230,3460,2735.2277671921,724.7722328079
4,2012,TOR,luis silva,Midfielder,UC Santa Barbara,Orange County Blue Star,0,0,Aron Winter,2202,2073,4275,2735.2277671921,1539.7722328079
4,2013,VAN,kekuta manneh,Forward,Austin Aztex,None,1,1,Martin Rennie,852,1293,2145,2735.2277671921,-590.2277671921
4,2014,NE,steve neumann,Forward,Georgetown,Reading United,1,0,Jay Heaps,638,176,814,2735.2277671921,-1921.2277671921
4,2015,SJ,fatai alashe,Midfielder,Michigan State,Portland Timbers U23s,0,0,Dominic Kinnear,2448,2451,4899,2735.2277671921,2163.7722328079
5,2007,NE,wells thompson,M,Wake Forest,None,1,0,Steve Nicol,1468,950,2418,2572.2564500739,-154.2564500739
5,2008,COL,ciaran obrien,M,UC Santa Barbara,Tacoma Tide,0,1,Fernando Clavijo,22,0,22,2572.2564500739,-2550.2564500739
5,2009,FCD,peri marosevic,F,University of Michigan,Chicago Fire Premier,0,1,Schellas Hyndman,56,0,56,2572.2564500739,-2516.2564500739
5,2010,FCD,zach loyd,Midfielder,University of North Carolina,Carolina Dynamo,1,0,Schellas Hyndman,2138,2557,4695,2572.2564500739,2122.7435499261
5,2011,PHI,zac macmath,Goalkeeper,University of Maryland,None,0,1,Piotr Nowak,726,3079,3805,2572.2564500739,1232.7435499261
5,2012,CHV,casey townsend,Forward,University of Maryland,None,0,0,Robin Fraser,974,348,1322,2572.2564500739,-1250.2564500739
5,2013,VAN,erik hurtado,Forward,Santa Clara,Portland Timbers U23s,1,0,Martin Rennie,549,1922,2471,2572.2564500739,-101.2564500739
5,2014,MTL,eric miller,Defender,Creighton,Portland Timbers U23s,1,1,Frank Klopas,1859,552,2411,2572.2564500739,-161.2564500739
5,2015,POR,nick besler,Midfielder,Notre Dame,None,1,0,Caleb Porter,0,0,0,2572.2564500739,-2572.2564500739
6,2007,COL,nico colaluca,M,Virginia,None,1,1,Fernando Clavijo,74,0,74,2415.2187740772,-2341.2187740772
6,2008,CLB,andy iro,D,UC Santa Barbara,None,0,0,Sigi Schmid,1304,762,2066,2415.2187740772,-349.2187740772
6,2009,DC,rodney wallace,D,University of Maryland,None,0,1,Tom Soehn,2738,1117,3855,2415.2187740772,1439.7812259228
6,2010,PHI,amobi okugo,Midfielder,UCLA,None,1,1,Piotr Nowak,528,860,1388,2415.2187740772,-1027.2187740772
6,2011,NE,a.j. soares,Defender,University of California,Orange County Blue Star,0,0,Steve Nicol,2642,2789,5431,2415.2187740772,3015.7812259228
6,2012,SJ,sam garza,Forward,UC Santa Barbara,None,0,1,Frank Yallop,130,116,246,2415.2187740772,-2169.2187740772
6,2013,COL,deshorn brown,Forward,UCF,Reading United,0,1,Oscar Pareja,2290,2311,4601,2415.2187740772,2185.7812259228
6,2014,FCD,tesho akindele,Forward,Colorado School of Mines,Real Colorado Foxes,1,0,Oscar Pareja,1856,1613,3469,2415.2187740772,1053.7812259228
6,2015,TOR,alex bono,Goalkeeper,Syracuse,Reading United,1,1,Greg Vanney,0,1447,1447,2415.2187740772,-968.2187740772
7,2007,CHV,john cunliffe,F,Fort Lewis College,None,0,0,Preki,597,470,1067,2264.1254964568,-1197.1254964568
7,2008,CHI,patrick nyarko,F,Virginia Tech,None,1,1,Denis Hamlett,192,2397,2589,2264.1254964568,324.8745035432
7,2009,DC,chris pontius,F,UC Santa Barbara,None,1,0,Tom Soehn,2554,1437,3991,2264.1254964568,1726.8745035432
7,2010,PHI,jack mcinerney,Forward,None,Cobb Soccer Club,1,1,Piotr Nowak,423,623,1046,2264.1254964568,-1218.1254964568
7,2011,HOU,kofi sarkodie,Defender,University of Akron,Michigan Bucks,0,1,Dominic Kinnear,630,743,1373,2264.1254964568,-891.1254964568
7,2012,DC,nick deleon,Midfielder,University of Louisville,Arizona Sahuaros,0,0,Ben Olsen,2298,2010,4308,2264.1254964568,2043.8745035432
7,2013,FCD,walker zimmerman,Defender,Furman,None,0,1,Schellas Hyndman,452,836,1288,2264.1254964568,-976.1254964568
7,2014,VAN,andre lewis,Midfielder,Portmore United,None,0,0,Carl Robinson,0,0,0,2264.1254964568,-2264.1254964568
7,2015,CHI,matt polster,Defender,SIU Edwardsville,Chicago Fire Premier,0,0,Frank Yallop,2543,2210,4753,2264.1254964568,2488.8745035432
8,2007,CHI,jerson monteiro,F,Alabama-Birmingham,None,0,0,Dave Sarachan,186,0,186,2118.9873744676,-1932.9873744676
8,2008,FCD,josh lambo,GK,Generation adidas,None,0,1,Steve Morrow,0,0,0,2118.9873744676,-2118.9873744676
8,2009,SKC,matt besler,D,University of Notre Dame,None,0,0,Curt Onalfo,2703,1228,3931,2118.9873744676,1812.0126255324
8,2010,CLB,dilly duka,Midfielder,Rutgers University,Newark Ironbound Express,1,1,Robert Warzycha,193,1454,1647,2118.9873744676,-471.9873744676
8,2011,VAN,michael nanchoff,Midfielder,University of Akron,Cleveland Internationals,1,1,Teitur Thordarson,155,180,335,2118.9873744676,-1783.9873744676
8,2012,POR,andrew jean-baptiste,Defender,University of Connecticut,None,0,1,John Spencer,0,0,0,2118.9873744676,-2118.9873744676
8,2013,MTL,blake smith,Midfielder,New Mexico,Austin Aztex,0,0,Marco Schallibaum,358,80,438,2118.9873744676,-1680.9873744676
8,2014,SEA,damion lowe,Defender,Hartford,Reading United,1,1,Sigi Schmid,0,0,0,2118.9873744676,-2118.9873744676
8,2015,HOU,zach steinberger,Midfielder,Butler,Michigan Bucks,0,0,Owen Coyle,41,0,41,2118.9873744676,-2077.9873744676
9,2007,FCD,anthony wallace,D,South Florida,None,0,1,Steve Morrow,83,313,396,1979.8721552415,-1583.8721552415
9,2008,TOR,julius james,D,Connecticut,None,1,0,Mo Johnston,1086,1467,2553,1979.8721552415,573.1278447585
9,2009,CHV,michael lahoud,M,Carolina Dynamo,None,0,0,Preki,1054,2035,3089,1979.8721552415,1109.1278447585
9,2010,NE,zack schilawski,Forward,Wake Forest University,Cary Clarets,0,0,Steve Nicol,1524,1279,2803,1979.8721552415,823.1278447585
9,2011,CHI,jalil anibaba,Defender,University of North Carolina,Carolina Dynamo,0,0,Carlos de los Cobos,2663,3058,5721,1979.8721552415,3741.1278447585
9,2012,CHI,austin berry,Defender,University of Louisville,Chicago Fire Premier,0,0,Frank Klopas,2687,3249,5936,1979.8721552415,3956.1278447585
9,2013,CLB,ryan finley,Forward,Notre Dame,Reading United,0,0,Robert Warzycha,494,497,991,1979.8721552415,-988.8721552415
9,2014,SJ,j.j. koval,Midfielder,Stanford,Ventura County Fusion,0,0,Mark Watson,1084,802,1886,1979.8721552415,-93.8721552415
9,2015,TOR,clement simonin,Defender,North Carolina State,Seattle Sounders FC U-23,0,0,Greg Vanney,80,0,80,1979.8721552415,-1899.8721552415
10,2007,TOR,andrew boyens,D,New Mexico,None,1,0,Mo Johnston,2206,1820,4026,1846.8130853053,2179.1869146947
10,2008,TOR,pat phelan,M,Wake Forest,None,1,0,Mo Johnston,564,1373,1937,1846.8130853053,90.1869146947
10,2009,NE,kevin alston,D,Indiana University,None,0,1,Steve Nicol,2827,2207,5034,1846.8130853053,3187.1869146947
10,2010,CHV,blair gavin,Midfielder,University of Akron,Bradenton Academics,0,1,Martin Vasquez,1654,1017,2671,1846.8130853053,824.1869146947
10,2011,SKC,c.j. sapong,Forward,James Madison University,Reading United,0,0,Peter Vermes,2260,2356,4616,1846.8130853053,2769.1869146947
10,2012,CLB,ethan finlay,Midfielder,Creighton University,Chicago Fire Premier,0,0,Robert Warzycha,486,467,953,1846.8130853053,-893.8130853053
10,2013,SEA,eriq zavaleta,Forward,Indiana,None,1,1,Sigi Schmid,52,1416,1468,1846.8130853053,-378.8130853053
10,2014,TOR,nick hagglund,Defender,Xavier,None,1,0,Ryan Nelsen,2237,844,3081,1846.8130853053,1234.1869146947
10,2015,SKC,connor hallisey,Midfielder,California,None,1,0,Peter Vermes,564,1141,1705,1846.8130853053,-141.8130853053
11,2007,DC,bryan arguez,D,Generation adidas,None,0,1,Tom Soehn,0,0,0,1719.7691710062,-1719.7691710062
11,2008,SKC,roger espinoza,M,Ohio State,None,0,1,Curt Onalfo,1413,767,2180,1719.7691710062,460.2308289938
11,2009,NYRB,jeremy hall,D,University of Maryland,None,1,1,Juan Carlos Osorio,2418,1081,3499,1719.7691710062,1779.2308289938
11,2010,SEA,david estrada,Forward,UCLA,Salinas Valley Samba,0,0,Sigi Schmid,106,120,226,1719.7691710062,-1493.7691710062
11,2011,HOU,will bruin,Forward,Indiana University,None,1,1,Dominic Kinnear,1754,2605,4359,1719.7691710062,2639.2308289938
11,2012,FCD,matt hedges,Defender,University of North Carolina-Chapel Hill,Reading United AC,0,0,Schellas Hyndman,2175,2987,5162,1719.7691710062,3442.2308289938
11,2013,COL,dillon powers,Midfielder,Notre Dame,Austin Aztex,1,0,Oscar Pareja,2608,2380,4988,1719.7691710062,3268.2308289938
11,2014,NE,patrick mullins,Forward,Maryland,New Orleans Jesters,1,0,Jay Heaps,1279,1107,2386,1719.7691710062,666.2308289938
11,2015,TOR,skylar thomas,Defender,Syracuse,Reading United,1,0,Greg Vanney,0,0,0,1719.7691710062,-1719.7691710062
12,2007,NE,amaechi igwe,D,Santa Clara,None,0,1,Steve Nicol,0,686,686,1598.6994186916,-912.6994186916
12,2008,CHI,dominic cervi,GK,Tulsa,None,0,0,Denis Hamlett,0,0,0,1598.6994186916,-1598.6994186916
12,2009,RSL,jean alexandre,M,Lynn University,Ventura County Fusion,0,0,Jason Kreis,119,597,716,1598.6994186916,-882.6994186916
12,2010,CLB,bright dike,Forward,University of Notre Dame,Indiana Invaders,0,0,Robert Warzycha,0,208,208,1598.6994186916,-1390.6994186916
12,2011,CLB,rich balchan,Defender,Indiana University,Chicago Fire Premier,0,0,Robert Warzycha,1699,0,1699,1598.6994186916,100.3005813084
12,2012,TOR,aaron maund,Defender,University of Notre Dame,Indiana Invaders,1,0,Aron Winter,1025,297,1322,1598.6994186916,-276.6994186916
12,2013,RSL,john stertzer,Midfielder,Maryland,None,0,0,Jason Kreis,42,302,344,1598.6994186916,-1254.6994186916
12,2014,COL,marlon hairston,Midfielder,Louisville,None,1,1,Pablo Mastroeni,1066,284,1350,1598.6994186916,-248.6994186916
12,2015,SKC,saad abdul-salaam,Defender,Akron,Portland Timbers U23s,0,0,Peter Vermes,1162,2533,3695,1598.6994186916,2096.3005813084
13,2007,HOU,john michael hayden,M,Indiana,None,0,0,Dominic Kinnear,0,0,0,1483.5628347089,-1483.5628347089
13,2008,NE,rob valentino,D,San Francisco,San Jose Frogs,0,1,Steve Nicol,0,0,0,1483.5628347089,-1483.5628347089
13,2009,TOR,stefan frei,GK,University of California,San Jose Frogs,1,1,John Carver,2774,3046,5820,1483.5628347089,4336.4371652912
13,2010,CHI,corben bone,Midfielder,Wake Forest University,Carolina Dynamo,0,1,Carlos de los Cobos,137,558,695,1483.5628347089,-788.5628347089
13,2011,NYRB,corey hertzog,Forward,Pennsylvania State University,Reading United,0,1,Hans Backe,45,0,45,1483.5628347089,-1438.5628347089
13,2012,PHI,chandler hoffman,Forward,UCLA,Orange County Blue Star,0,1,Piotr Nowak,231,0,231,1483.5628347089,-1252.5628347089
13,2013,HOU,jason johnson,Forward,VCU,None,1,1,Dominic Kinnear,477,220,697,1483.5628347089,-786.5628347089
13,2014,CHI,marco franco,Defender,UC Irvine,OC Blues Strikers FC,1,0,Frank Yallop,0,0,0,1483.5628347089,-1483.5628347089
13,2015,VAN,tim parker,Defender,St. John's,Long Island Roughriders,0,0,Carl Robinson,1340,2707,4047,1483.5628347089,2563.4371652912
14,2007,FCD,fuad ibrahim,F,Generation adidas,None,1,1,Steve Morrow,0,0,0,1374.3184254053,-1374.3184254053
14,2008,RSL,david horst,D,Old Dominion,Hampton Roads Piranhas,1,0,Jason Kreis,108,103,211,1374.3184254053,-1163.3184254053
14,2009,FCD,george john,M,University of Washington,None,1,0,Schellas Hyndman,1404,2584,3988,1374.3184254053,2613.6815745947
14,2010,NYRB,austin da luz,Midfielder,Wake Forest University,Austin Aztex U23,1,0,Hans Backe,0,1058,1058,1374.3184254053,-316.3184254053
14,2011,CHV,victor estupinan,Forward,LDU Quito,None,1,0,Robin Fraser,358,0,358,1374.3184254053,-1016.3184254053
14,2012,COL,tony cascio,Midfielder,University of Connecticut,None,0,0,Oscar Pareja,1776,632,2408,1374.3184254053,1033.6815745947
14,2013,SKC,mikey lopez,Midfielder,North Carolina,Orange County Blue Star,0,1,Peter Vermes,0,0,0,1374.3184254053,-1374.3184254053
14,2014,CLB,ben sweat,Defender,USF,Reading United,1,0,Gregg Berhalter,0,0,0,1374.3184254053,-1374.3184254053
14,2015,COL,axel sjoberg,Defender,Marquette,Thunder Bay Chill,1,0,Pablo Mastroeni,1332,2918,4250,1374.3184254053,2875.6815745947
15,2007,CLB,brad evans,M,UC Irvine,None,0,0,Sigi Schmid,130,2122,2252,1270.9251971284,981.0748028716
15,2008,SJ,shea salinas,M,Furman,Carolina Dynamo,0,0,Frank Yallop,657,1578,2235,1270.9251971284,964.0748028716
15,2009,NE,ryan maxwell,M,University of Tampa,Bradenton Academics,1,0,Steve Nicol,0,0,0,1270.9251971284,-1270.9251971284
15,2010,RSL,collen warner,Midfielder,University of Portland,Portland Timbers U23's,1,0,Jason Kreis,514,1201,1715,1270.9251971284,444.0748028716
15,2011,CLB,justin meram,Forward,University of Michigan,None,1,0,Robert Warzycha,568,1042,1610,1270.9251971284,339.0748028716
15,2012,SEA,andrew duran,Defender,Creighton University,Des Moines Menace,0,0,Sigi Schmid,0,0,0,1270.9251971284,-1270.9251971284
15,2013,SJ,tommy muller,Defender,Georgetown,None,0,0,Frank Yallop,0,0,0,1270.9251971284,-1270.9251971284
15,2014,PHI,pedro ribeiro,Midfielder,Coastal Carolina,Reading United,1,0,John Hackworth,381,786,1167,1270.9251971284,-103.9251971284
15,2015,FCD,otis earle,Defender,UC Riverside,FC Tucson,0,0,Oscar Pareja,0,0,0,1270.9251971284,-1270.9251971284
16,2007,LA,robbie findley,F,Oregon State,None,1,0,Frank Yallop,1635,1804,3439,1173.6969198875,2265.3030801125
16,2008,NYRB,eric brunner,D,Ohio State,Michigan Bucks,1,0,Juan Carlos Osorio,0,2504,2504,1173.6969198875,1330.3030801125
16,2009,SEA,evan brown,D,Wake Forest University,Cary RailHawks U23's,0,0,Sigi Schmid,0,0,0,1173.6969198875,-1173.6969198875
16,2010,LA,michael stephens,Midfielder,UCLA,Chicago Fire Premier,1,0,Bruce Arena,2277,1208,3485,1173.6969198875,2311.3030801125
16,2011,LA,paolo cardozo,Midfielder,Quilmes,None,0,0,Bruce Arena,890,710,1600,1173.6969198875,426.3030801125
16,2012,SKC,dominic dwyer,Forward,University of South Florida,None,0,1,Peter Vermes,7,736,743,1173.6969198875,-430.6969198875
16,2013,TOR,emery welshman,Forward,Oregon State,Portland Timbers U23s,1,0,Ryan Nelsen,8,0,8,1173.6969198875,-1165.6969198875
16,2014,HOU,a.j. cochran,Defender,Wisconsin,K-W United FC,0,1,Dominic Kinnear,1510,536,2046,1173.6969198875,872.3030801125
16,2015,SEA,cristian roldan,Midfielder,Washington,Washington Crossfire,1,1,Sigi Schmid,1183,2767,3950,1173.6969198875,2776.3030801125
17,2007,COL,greg dalby,M,Notre Dame,None,1,0,Fernando Clavijo,0,33,33,1082.8362189055,-1049.8362189055
17,2008,RSL,alex nimo,F,Generation adidas,None,0,1,Jason Kreis,0,0,0,1082.8362189055,-1082.8362189055
17,2009,SJ,brad ring,M,Indiana University,Chicago Fire Premier,0,0,Frank Yallop,0,525,525,1082.8362189055,-557.8362189055
17,2010,PHI,toni stahl,Midfielder,University of Connecticut,None,0,0,Piotr Nowak,49,0,49,1082.8362189055,-1033.8362189055
17,2011,FCD,bobby warshaw,Defender,Stanford University,None,0,0,Schellas Hyndman,522,319,841,1082.8362189055,-241.8362189055
17,2012,RSL,enzo martinez,Midfielder,University of North Carolina-Chapel Hill,None,0,1,Jason Kreis,0,0,0,1082.8362189055,-1082.8362189055
17,2013,DC,taylor kemp,Defender,Maryland,Real Colorado Foxes,0,0,Ben Olsen,563,1253,1816,1082.8362189055,733.1637810945
17,2014,POR,schillo tshuma,Forward,Maryland,None,0,1,Caleb Porter,0,0,0,1082.8362189055,-1082.8362189055
17,2015,DC,miguel aguilar,Forward,San Francisco,Portland Timbers U23s,0,0,Ben Olsen,598,116,714,1082.8362189055,-368.8362189055
18,2007,FCD,andrew daniels,D,Brown,None,1,0,Steve Morrow,0,0,0,998.135383349,-998.135383349
18,2008,NE,michael videira,M,Duke,Cary RailHawks U23's,1,0,Steve Nicol,0,580,580,998.135383349,-418.135383349
18,2009,NYRB,babajide ogunbiyi,D,Santa Clara University,None,1,0,Juan Carlos Osorio,0,0,0,998.135383349,-998.135383349
18,2010,NYRB,tim ream,Defender,Saint Louis University,Chicago Fire Premier,0,0,Hans Backe,3264,2653,5917,998.135383349,4918.864616651
18,2011,COL,eddie ababio,Defender,University of North Carolina,None,0,0,Gary Smith,0,0,0,998.135383349,-998.135383349
18,2012,HOU,colin rolfe,Forward,University of Louisville,None,0,0,Dominic Kinnear,0,0,0,998.135383349,-998.135383349
18,2013,MTL,fernando monge,Midfielder,UCLA,Seattle Sounders FC U-23,1,0,Marco Schallibaum,0,0,0,998.135383349,-998.135383349
18,2014,RSL,ryan neil,Defender,California,None,0,0,Jeff Cassar,0,0,0,998.135383349,-998.135383349
18,2015,NYRB,leo stolz,Midfielder,UCLA,None,0,0,Jesse Marsch,0,0,0,998.135383349,-998.135383349
19,2007,NYRB,dane richards,F,Clemson,None,0,0,Bruce Arena,2822,1877,4699,919.3867023853,3779.6132976148
19,2008,FCD,eric avila,M,UC Santa Barbara,Ventura County Fusion,1,1,Steve Morrow,614,401,1015,919.3867023853,95.6132976147
19,2009,LA,a.j. delagarza,D,University of Maryland,None,1,0,Bruce Arena,0,0,0,919.3867023853,-919.3867023853
19,2010,SJ,michael thomas,Midfielder,University of Notre Dame,Kansas City Brass,0,0,Frank Yallop,0,0,0,919.3867023853,-919.3867023853
19,2011,VAN,jeb brovsky,Midfielder,University of Notre Dame,None,0,0,Teitur Thordarson,1609,2451,4060,919.3867023853,3140.6132976148
19,2012,LA,tommy meyer,Defender,Indiana University,Chicago Fire Premier,0,0,Bruce Arena,696,526,1222,919.3867023853,302.6132976147
19,2013,LA,charlie rugg,Forward,Boston College,Worcester Hydra,0,0,Bruce Arena,162,0,162,919.3867023853,-757.3867023853
19,2014,COL,grant van de casteele,Defender,Notre Dame,None,1,0,Pablo Mastroeni,35,0,35,919.3867023853,-884.3867023853
19,2015,CLB,sergio campbell,Defender,Connecticut,None,1,0,Gregg Berhalter,94,0,94,919.3867023853,-825.3867023853
20,2007,LA,josh tudela,M,Indiana,None,1,0,Frank Yallop,941,418,1359,846.382465181,512.617534819
20,2008,CLB,george josten,M,Gonzaga,Michigan Bucks,0,0,Sigi Schmid,0,0,0,846.382465181,-846.382465181
20,2009,CHI,baggio husidic,M,University of Illinois at Chicago,None,1,1,Denis Hamlett,542,1810,2352,846.382465181,1505.617534819
20,2010,SKC,korede aiyegbusi,Defender,North Carolina State University,Cary Clarets,0,0,Peter Vermes,155,104,259,846.382465181,-587.382465181
20,2011,SEA,michael tetteh,Defender,UC Santa Barbara,None,1,1,Sigi Schmid,0,0,0,846.382465181,-846.382465181
20,2012,MTL,calum mallace,Midfielder,Marquette University,Chicago Fire Premier,0,0,Jesss,306,47,353,846.382465181,-493.382465181
20,2013,FCD,ryan hollingshead,Midfielder,UCLA,None,1,0,Schellas Hyndman,0,324,324,846.382465181,-522.382465181
20,2014,CHV,thomas mcnamara,Midfielder,Clemson,Jersey Express,1,0,Wilmer Cabrera,485,1396,1881,846.382465181,1034.617534819
20,2015,SKC,amadou dia,Defender,Clemson,Real Colorado Foxes,1,0,Peter Vermes,1420,961,2381,846.382465181,1534.617534819
21,2007,CHI,nate norman,M,Notre Dame,None,0,0,Dave Sarachan,0,0,0,778.9149609032,-778.9149609032
21,2008,LA,ely allen,F,Washington,None,1,0,Ruud Gullit,1025,0,1025,778.9149609032,246.0850390968
21,2009,DC,milos kocic,GK,Loyola College in Maryland,None,0,0,Tom Soehn,372,129,501,778.9149609032,-277.9149609032
21,2010,FCD,andrew wiedeman,Forward,University of California,NorCal Lamorinda United,1,1,Schellas Hyndman,0,67,67,778.9149609032,-711.9149609032
21,2011,SEA,leone cruz,Defender,Southern Methodist University,Austin Aztex U23,1,0,Sigi Schmid,0,0,0,778.9149609032,-778.9149609032
21,2012,VAN,chris estridge,Defender,Indiana University,Chicago Fire Premier,0,0,Martin Rennie,0,0,0,778.9149609032,-778.9149609032
21,2013,NE,donald smith,Forward,Charlotte,Carolina Dynamo,1,0,Jay Heaps,54,46,100,778.9149609032,-678.9149609032
21,2014,SEA,jimmy ockford,Defender,Louisville,Reading United,1,0,Sigi Schmid,0,95,95,778.9149609032,-683.9149609032
21,2015,LA,ignacio maganto,Forward,Iona,Reading United,0,0,Bruce Arena,567,0,567,778.9149609032,-211.9149609032
22,2007,FCD,ryan guy,F,San Diego,None,0,0,Steve Morrow,0,0,0,716.7764787189,-716.7764787189
22,2008,CLB,ricardo pierre-louis,F,Lee University,Cape Cod Crusaders,1,0,Sigi Schmid,0,0,0,716.7764787189,-716.7764787189
22,2009,SKC,doug demartin,F,Michigan State University,Michigan Bucks,1,0,Curt Onalfo,0,0,0,716.7764787189,-716.7764787189
22,2010,COL,andre akpan,Forward,Harvard University,Chicago Fire Premier,1,0,Gary Smith,15,523,538,716.7764787189,-178.7764787189
22,2011,POR,chris taylor,Defender,University of Tulsa,None,1,0,John Spencer,0,0,0,716.7764787189,-716.7764787189
22,2012,NE,tyler polak,Defender,Creighton University,Chicago Fire Premier,0,1,Jay Heaps,33,0,33,716.7764787189,-683.7764787189
22,2013,NYRB,ian christianson,Midfielder,Georgetown,Reading United,1,0,Mike Petke,0,23,23,716.7764787189,-693.7764787189
22,2014,NYRB,chris duvall,Defender,Wake Forest,None,1,0,Mike Petke,1705,1353,3058,716.7764787189,2341.2235212811
22,2015,ORL,conor donovan,Defender,North Carolina State,None,0,1,Adrian Heath,13,0,13,716.7764787189,-703.7764787189
23,2007,LA,ty harden,D,Washington,None,1,0,Frank Yallop,2521,0,2521,661.8807434477,1859.1192565523
23,2008,SKC,yomby william,D,Old Dominion,Hampton Roads Piranhas,1,0,Curt Onalfo,0,0,0,661.8807434477,-661.8807434477
23,2009,SKC,graham zusi,M,University of Maryland,Central Florida Kraze,0,0,Curt Onalfo,633,652,1285,661.8807434477,623.1192565523
23,2010,COL,ross labauex,Midfielder,University of Virginia,Chicago Fire Premier,1,0,Gary Smith,91,344,435,661.8807434477,-226.8807434477
23,2011,PHI,michael farfan,Midfielder,University of North Carolina,Ogden Outlaws,0,0,Piotr Nowak,1565,2992,4557,661.8807434477,3895.1192565523
23,2012,CHI,lucky mkosana,Forward,Dartmouth College,Michigan Bucks,1,0,Frank Klopas,0,0,0,661.8807434477,-661.8807434477
23,2013,NE,luke spencer,Forward,Xavier,Cincinnati Kings,0,0,Jay Heaps,0,0,0,661.8807434477,-661.8807434477
23,2014,LA,kyle venter,Defender,New Mexico,Real Colorado Foxes,1,0,Bruce Arena,0,0,0,661.8807434477,-661.8807434477
23,2015,NYC,connor brandt,Midfielder,San Diego,FC Tucson,0,0,Patrick Vieira,13,0,13,661.8807434477,-648.8807434477
24,2007,DC,brad north,F,Northwestern,None,0,0,Tom Soehn,0,0,0,615.4041588983,-615.4041588983
24,2008,DC,andrew jacobson,M,California,None,0,0,Tom Soehn,0,1021,1021,615.4041588983,405.5958411017
24,2009,NE,andrei gotsmanov,M,Creighton University,None,1,0,Steve Nicol,0,0,0,615.4041588983,-615.4041588983
24,2010,TOR,zachary herold,Defender,None,West Pines United Club,1,1,Preki,0,0,0,615.4041588983,-615.4041588983
24,2011,NE,stephen mccarthy,Midfielder,University of North Carolina,Carolina Dynamo,0,0,Steve Nicol,1491,2549,4040,615.4041588983,3424.5958411018
24,2012,RSL,diogo de almeida,Defender,Southern Methodist University,None,1,0,Jason Kreis,0,0,0,615.4041588983,-615.4041588983
24,2013,LA,kofi opare,Defender,Michigan,Michigan Bucks,1,0,Bruce Arena,554,526,1080,615.4041588983,464.5958411017
24,2014,TOR,daniel lovitz,Midfielder,Elon,Carolina Dynamo,1,0,Ryan Nelsen,697,397,1094,615.4041588983,478.5958411017
24,2015,POR,andy thoma,Defender,Washington,Washington Crossfire,1,0,Caleb Porter,0,0,0,615.4041588983,-615.4041588983
25,2007,NE,ryan solle,M,Wake Forest,None,0,0,Steve Nicol,0,0,0,576.0330327209,-576.0330327209
25,2008,SKC,jonathan leathers,D,Furman,Atlanta Silverbacks U23's,1,0,Curt Onalfo,1321,1052,2373,576.0330327209,1796.9669672791
25,2009,NE,dado hamzagic,M,Saint Louis University,Chicago Fire Premier,0,0,Steve Nicol,0,0,0,576.0330327209,-576.0330327209
25,2010,NE,seth sinovic,Defender,Creighton University,Chicago Fire Premier,0,0,Steve Nicol,1910,1826,3736,576.0330327209,3159.9669672791
25,2011,NYRB,john rooney,Midfielder,Macclesfield Town,None,1,0,Hans Backe,62,0,62,576.0330327209,-514.0330327209
25,2012,SJ,jacob hustedt,Midfielder,University of Washington,Ventura County Fusion,0,0,Frank Yallop,0,0,0,576.0330327209,-576.0330327209
25,2013,COL,kory kindle,Defender,CSU Bakerfield,Ventura County Fusion,0,0,Oscar Pareja,0,0,0,576.0330327209,-576.0330327209
25,2014,PHI,kevin cope,Defender,Michigan State,Michigan Bucks,0,0,John Hackworth,0,0,0,576.0330327209,-576.0330327209
25,2015,ORL,akeil barrett,Forward,Tulsa,Tulsa Athletics,1,0,Adrian Heath,0,0,0,576.0330327209,-576.0330327209
26,2007,HOU,corey ashe,M,North Carolina,None,0,0,Dominic Kinnear,980,1023,2003,542.4536725659,1460.5463274342
26,2008,CHI,peter lowry,M,Santa Clara,San Jose Frogs,0,0,Denis Hamlett,0,796,796,542.4536725659,253.5463274341
26,2009,DC,lyle adams,D,Wake Forest University,Central Florida Kraze,1,0,Tom Soehn,0,0,0,542.4536725659,-542.4536725659
26,2010,CHI,kwame watson-siriboe,Defender,University of Connecticut,Westchester Flames,1,0,Carlos de los Cobos,0,0,0,542.4536725659,-542.4536725659
26,2011,TOR,demitrius omphroy,Defender,University of California,Bay Area Ambassadors,0,0,Aron Winter,2,0,2,542.4536725659,-540.4536725659
26,2012,CLB,aubrey perry,Defender,University of South Florida,None,1,0,Robert Warzycha,0,0,0,542.4536725659,-542.4536725659
26,2013,PHI,don anding,Forward,Northeastern,None,1,0,John Hackworth,34,0,34,542.4536725659,-508.4536725659
26,2014,POR,taylor peay,Defender,Washington,North Sound SeaWolves,1,0,Caleb Porter,0,341,341,542.4536725659,-201.4536725659
26,2015,COL,joseph greenspan,Defender,Navy,None,0,0,Pablo Mastroeni,198,1,199,542.4536725659,-343.4536725659
27,2007,TOR,richard asante,D,Syracuse,None,0,0,Mo Johnston,0,0,0,513.3523860834,-513.3523860834
27,2008,NE,joe germanese,M,Duke,Cary RailHawks U23's,0,0,Steve Nicol,24,0,24,513.3523860834,-489.3523860834
27,2009,FCD,brian shriver,F,University of North Carolina,Cary RailHawks U23's,1,0,Schellas Hyndman,0,0,0,513.3523860834,-513.3523860834
27,2010,SEA,mike seamon,Midfielder,Villanova University,None,0,0,Sigi Schmid,379,0,379,513.3523860834,-134.3523860834
27,2011,SEA,servando carrasco,Midfielder,University of California,None,1,0,Sigi Schmid,738,271,1009,513.3523860834,495.6476139166
27,2012,POR,brendan king,Midfielder,University of Notre Dame,Chicago Fire Premier,0,0,John Spencer,0,0,0,513.3523860834,-513.3523860834
27,2013,MTL,paolo delpiccolo,Midfielder,Louisville,None,0,0,Marco Schallibaum,0,0,0,513.3523860834,-513.3523860834
27,2014,PHI,robbie derschang,Defender,Akron,Austin Aztex,1,0,John Hackworth,0,0,0,513.3523860834,-513.3523860834
27,2015,RSL,boyd okwuonu,Defender,North Carolina,Orlando City U-23,1,0,Jeff Cassar,134,104,238,513.3523860834,-275.3523860834
28,2007,FCD,scott jones,M,UNC-Greensboro,None,1,0,Steve Morrow,0,0,0,487.4154809236,-487.4154809236
28,2008,TOR,brian edwards,GK,Wake Forest,None,1,0,Mo Johnston,652,326,978,487.4154809236,490.5845190764
28,2009,COL,kwame adjeman-pamboe,F,George Mason University,None,1,0,Gary Smith,0,0,0,487.4154809236,-487.4154809236
28,2010,SJ,justin morrow,Defender,University of Notre Dame,Chicago Fire Premier,1,0,Frank Yallop,71,855,926,487.4154809236,438.5845190764
28,2011,CLB,cole grossman,Midfielder,Duke University,Cary Clarets,1,0,Robert Warzycha,22,555,577,487.4154809236,89.5845190764
28,2012,CHI,hunter jumper,Defender,University of Virginia,None,0,0,Frank Klopas,75,191,266,487.4154809236,-221.4154809236
28,2013,CLB,drew beckie,Defender,Denver,Ottawa Fury,0,0,Robert Warzycha,0,0,0,487.4154809236,-487.4154809236
28,2014,SJ,joe sofia,Defender,UCLA,Ventura County Fusion,0,0,Mark Watson,0,0,0,487.4154809236,-487.4154809236
28,2015,CHI,kingsley bryce,Midfielder,Saint Louis,None,0,0,Frank Yallop,0,0,0,487.4154809236,-487.4154809236
29,2007,SKC,edson elcock,M,Old Dominion,None,0,0,Curt Onalfo,0,0,0,463.329264737,-463.329264737
29,2008,LA,julian valentin,D,Wake Forest,None,1,0,Ruud Gullit,65,0,65,463.329264737,-398.329264737
29,2009,NYRB,jack traynor,D,University of Notre Dame,None,0,0,Juan Carlos Osorio,0,0,0,463.329264737,-463.329264737
29,2010,CHI,drew yates,Midfielder,University of Maryland,None,0,0,Carlos de los Cobos,0,0,0,463.329264737,-463.329264737
29,2011,SEA,bryan meredith,Goalkeeper,Monmouth University,Central Jersey Spartans,0,0,Sigi Schmid,0,1052,1052,463.329264737,588.670735263
29,2012,CLB,kevan george,Midfielder,University of Central Florida,None,0,0,Robert Warzycha,468,488,956,463.329264737,492.670735263
29,2013,RSL,devon sandoval,Forward,New Mexico,None,1,0,Jason Kreis,943,685,1628,463.329264737,1164.670735263
29,2014,DC,victor munoz,Midfielder,UCLA,OC Blues Strikers FC,1,0,Ben Olsen,0,0,0,463.329264737,-463.329264737
29,2015,TOR,wesley charpie,Defender,South Florida,Reading United,1,0,Greg Vanney,0,0,0,463.329264737,-463.329264737
30,2007,RSL,steven curfman,M,Wake Forest,None,0,0,John Ellinger,0,0,0,448.3634080564,-448.3634080564
30,2008,TOR,mike zaher,D,UCLA,San Fernando Valley Quakes,0,0,Mo Johnston,0,0,0,448.3634080564,-448.3634080564
30,2009,CLB,bryan kanu,F,University of Louisville,None,0,0,Robert Warzycha,0,0,0,448.3634080564,-448.3634080564
30,2010,SJ,steven beitashour,Defender,San Diego State University,San Jose Frogs,1,0,Frank Yallop,773,1756,2529,448.3634080564,2080.6365919436
30,2011,NYRB,tyler lassiter,Defender,North Carolina State University,None,1,0,Hans Backe,0,0,0,448.3634080564,-448.3634080564
30,2012,SKC,cyprian hedrick,Defender,Coastal Carolina University,Fresno Fuego,1,0,Peter Vermes,0,0,0,448.3634080564,-448.3634080564
30,2013,CHI,yazid atouba,Midfielder,Rainbow FC Bamenda,None,1,0,Frank Klopas,68,0,68,448.3634080564,-380.3634080564
30,2014,VAN,mamadou diouf,Forward,Connecticut,None,1,0,Carl Robinson,0,0,0,448.3634080564,-448.3634080564
30,2015,HOU,oumar ballo,Defender,UMBC,Reading United,1,0,Owen Coyle,0,0,0,448.3634080564,-448.3634080564
31,2007,COL,omar cummings,F,Cincinnati,None,1,0,Fernando Clavijo,220,1969,2189,447.4434688616,1741.5565311384
31,2008,CLB,ryan miller,D,Notre Dame,Indiana Invaders,1,0,Sigi Schmid,0,0,0,447.4434688616,-447.4434688616
31,2009,SEA,jared karkas,D,Azusa Pacific University,Los Angeles Legends,0,0,Sigi Schmid,0,0,0,447.4434688616,-447.4434688616
31,2010,NE,zak boggs,Forward,University of South Florida,Bradenton Academics,1,0,Steve Nicol,471,1414,1885,447.4434688616,1437.5565311384
31,2011,DC,chris korb,Defender,University of Akron,Cleveland Internationals,1,0,Ben Olsen,1069,2194,3263,447.4434688616,2815.5565311384
31,2012,NYRB,ryan meara,Goalkeeper,Fordham University,Jersey Express,0,0,Hans Backe,1718,0,1718,447.4434688616,1270.5565311384
31,2013,PHI,stephen okai,Midfielder,Mobile,Reading United,1,0,John Hackworth,0,0,0,447.4434688616,-447.4434688616
31,2014,NE,alec sundly,Midfielder,California,Orange County Blue Star,0,0,Jay Heaps,0,0,0,447.4434688616,-447.4434688616
31,2015,PHI,dzenan catic,Forward,Davenport,Michigan Bucks,0,0,Jim Curtin,0,0,0,447.4434688616,-447.4434688616
32,2007,DC,jay needham,D,Southern Methodist,None,1,0,Tom Soehn,0,0,0,455.7395859728,-455.7395859728
32,2008,NYRB,luke sassano,M,California,San Jose Frogs,1,0,Juan Carlos Osorio,1153,1425,2578,455.7395859728,2122.2604140272
32,2009,SJ,quincy amarikwa,F,UC Davis,Bakersfield Brigade,0,0,Frank Yallop,727,295,1022,455.7395859728,566.2604140272
32,2010,RSL,justin davis,Midfielder,University of New Mexico,Des Moines Menace,0,0,Jason Kreis,0,0,0,455.7395859728,-455.7395859728
32,2011,SKC,jt murray,Defender,University of Louisville,Chicago Fire Premier,1,0,Peter Vermes,0,0,0,455.7395859728,-455.7395859728
32,2012,PHI,greg jordan,Midfielder,Creighton University,None,0,0,Piotr Nowak,0,0,0,455.7395859728,-455.7395859728
32,2013,MTL,brad stuver,Goalkeeper,Cleveland State,Akron Summit Assault,1,0,Marco Schallibaum,0,0,0,455.7395859728,-455.7395859728
32,2014,HOU,mark sherrod,Forward,Memphis,Portland Timbers U23s,1,0,Dominic Kinnear,260,250,510,455.7395859728,54.2604140272
32,2015,POR,christian volesky,Forward,SIU Edwardsville,FC Tucson,0,0,Caleb Porter,0,0,0,455.7395859728,-455.7395859728
33,2007,NYRB,sinisa ubiparipovic,M,Akron,None,1,0,Bruce Arena,280,992,1272,468.4218982102,803.5781017898
33,2008,DC,ryan cordeiro,M,Connecticut,None,1,0,Tom Soehn,250,0,250,468.4218982102,-218.4218982102
33,2009,LA,joshua boateng,F,Liberty University,None,0,0,Bruce Arena,0,0,0,468.4218982102,-468.4218982102
33,2010,PHI,kyle nakazawa,Midfielder,UCLA,Los Angeles Legends,0,0,Piotr Nowak,964,1280,2244,468.4218982102,1775.5781017898
33,2011,SJ,anthony ampaipitakwong,Midfielder,University of Akron,Bradenton Academics,0,0,Frank Yallop,574,0,574,468.4218982102,105.5781017898
33,2012,SJ,chris blais,Goalkeeper,University of South Florida,None,1,0,Frank Yallop,0,0,0,468.4218982102,-468.4218982102
33,2013,SJ,dan delgado,Midfielder,San Diego,Orange County Blue Star,1,0,Frank Yallop,0,0,0,468.4218982102,-468.4218982102
33,2014,COL,jared watts,Midfielder,Wake Forest,None,1,0,Pablo Mastroeni,1221,1116,2337,468.4218982102,1868.5781017898
33,2015,SEA,tyler miller,Goalkeeper,Northwestern,None,1,0,Sigi Schmid,0,96,96,468.4218982102,-372.4218982102
34,2007,CHI,mike banner,M,SIU-Edwardsville,None,0,0,Dave Sarachan,67,348,415,480.660544394,-65.660544394
34,2008,LA,matt allen,GK,Creighton,Des Moines Menace,1,0,Ruud Gullit,0,0,0,480.660544394,-480.660544394
34,2009,TOR,mike grella,F,Duke University,Cary RailHawks U23's,0,0,John Carver,0,0,0,480.660544394,-480.660544394
34,2010,NYRB,conor chinn,Forward,University of San Francisco,Orange County Blue Star,0,0,Hans Backe,35,0,35,480.660544394,-445.660544394
34,2011,LA,hector jimenez,Midfielder,University of California,Bay Area Ambassadors,0,0,Bruce Arena,119,981,1100,480.660544394,619.339455606
34,2012,SEA,babayele sodade,Forward,University of Alabama-Birmingham,Michigan Bucks,0,0,Sigi Schmid,0,0,0,480.660544394,-480.660544394
34,2013,POR,dylan tucker-ganges,Defender,Washington,Portland Timbers U23s,1,0,Caleb Porter,0,0,0,480.660544394,-480.660544394
34,2014,NYRB,eric stevenson,Midfielder,Akron,Seattle Sounders FC U-23,0,0,Mike Petke,3,0,3,480.660544394,-477.660544394
34,2015,POR,kharlton belmar,Forward,VCU,Portland Timbers U23s,1,0,Caleb Porter,0,0,0,480.660544394,-480.660544394
35,2007,COL,nick labrocca,M,Rutgers,None,1,0,Fernando Clavijo,80,2896,2976,487.6256633445,2488.3743366555
35,2008,TOR,joseph lapira,F,Notre Dame,Baton Rouge Capitals,1,0,Mo Johnston,0,0,0,487.6256633445,-487.6256633445
35,2009,CHV,kyle christensen,F,University of Denver,Ogden Outlaws,1,0,Preki,0,0,0,487.6256633445,-487.6256633445
35,2010,CHV,kevin tangney,Defender,University of Maryland,None,1,0,Martin Vasquez,0,0,0,487.6256633445,-487.6256633445
35,2011,FCD,charlie campbell,Midfielder,University of Louisville,None,0,0,Schellas Hyndman,0,0,0,487.6256633445,-487.6256633445
35,2012,PHI,raymon gaddis,Defender,West Virginia University,Reading United,1,0,Piotr Nowak,1577,2870,4447,487.6256633445,3959.3743366555
35,2013,SEA,dylan remick,Defender,Brown,Worcester Hydra,0,0,Sigi Schmid,28,839,867,487.6256633445,379.3743366555
35,2014,COL,john berner,Goalkeeper,SIU-Edwardsville,St. Louis Lions,1,0,Pablo Mastroeni,381,0,381,487.6256633445,-106.6256633445
35,2015,CLB,sagi lev-ari,Forward,Cal State Northridge,None,0,0,Gregg Berhalter,0,0,0,487.6256633445,-487.6256633445
36,2007,COL,justin hughes,GK,North Carolina,None,0,0,Fernando Clavijo,0,0,0,484.4873938819,-484.4873938819
36,2008,COL,adrian chevannes,D,SMU,None,1,0,Fernando Clavijo,0,0,0,484.4873938819,-484.4873938819
36,2009,DC,brandon barklage,M,Saint Louis University,Chicago Fire Premier,0,0,Tom Soehn,118,247,365,484.4873938819,-119.4873938819
36,2010,SKC,nick cardenas,Defender,San Diego State University,Ogden Outlaws,0,0,Peter Vermes,0,0,0,484.4873938819,-484.4873938819
36,2011,COL,colin givens,Defender,Michigan State University,Michigan Bucks,0,0,Gary Smith,0,0,0,484.4873938819,-484.4873938819
36,2012,RSL,sebastian velasquez,Midfielder,Spartanburg Methodist College,None,0,0,Jason Kreis,417,982,1399,484.4873938819,914.5126061181
36,2013,NE,luis soffner,Goalkeeper,Indiana,None,1,0,Jay Heaps,0,0,0,484.4873938819,-484.4873938819
36,2014,POR,aaron long,Midfielder,UC Riverside,FC Tucson,0,0,Caleb Porter,0,0,0,484.4873938819,-484.4873938819
36,2015,HOU,rob lovejoy,Forward,North Carolina,Carolina Dynamo,1,0,Owen Coyle,405,24,429,484.4873938819,-55.4873938819
37,2007,DC,ricky schramm,F,Georgetown,None,0,0,Tom Soehn,0,0,0,476.9697827329,-476.9697827329
37,2008,RSL,brennan tennelle,M,UC Santa Barbara,None,1,0,Jason Kreis,0,0,0,476.9697827329,-476.9697827329
37,2009,COL,steward ceus,GK,University of Albany,None,0,0,Gary Smith,0,0,0,476.9697827329,-476.9697827329
37,2010,SJ,andrew hoxie,Forward,The College of William & Mary,None,1,0,Frank Yallop,0,0,0,476.9697827329,-476.9697827329
37,2011,VAN,bilal duckett,Defender,University of Notre Dame,None,0,0,Teitur Thordarson,242,0,242,476.9697827329,-234.9697827329
37,2012,HOU,warren creavalle,Midfielder,University of Central Florida,Carolina Dynamo,0,0,Dominic Kinnear,520,1736,2256,476.9697827329,1779.0302172671
37,2013,HOU,jimmy nealis,Defender,Georgetown,Long Island Rough Riders,0,0,Dominic Kinnear,0,0,0,476.9697827329,-476.9697827329
37,2014,MTL,george malki,Midfielder,Cal Poly,None,1,0,Frank Klopas,0,0,0,476.9697827329,-476.9697827329
37,2015,TOR,edwin rivas,Forward,Cal State Northridge,None,1,0,Greg Vanney,0,0,0,476.9697827329,-476.9697827329
38,2007,NE,bryan byrne,M,UC Santa Barbara,None,0,0,Steve Nicol,22,0,22,473.2355767573,-451.2355767573
38,2008,CHI,dwight barnett,F,Lynn University,Cape Cod Crusaders,1,0,Denis Hamlett,0,0,0,473.2355767573,-473.2355767573
38,2009,NE,chris salvaggione,F,UNC Charlotte,Austin Aztex U23,1,0,Steve Nicol,0,0,0,473.2355767573,-473.2355767573
38,2010,FCD,jason yeisley,Forward,Penn State University,Reading Rage,0,0,Schellas Hyndman,47,0,47,473.2355767573,-426.2355767573
38,2011,NYRB,billy cortes,Defender,University of Maryland,None,1,0,Hans Backe,0,0,0,473.2355767573,-473.2355767573
38,2012,LA,kenney walker,Midfielder,University of Louisville,Chicago Fire Premier,0,0,Bruce Arena,46,0,46,473.2355767573,-427.2355767573
38,2013,LA,greg cochrane,Defender,Louisville,Reading United,0,0,Bruce Arena,902,1135,2037,473.2355767573,1563.7644232427
38,2014,SKC,adnan gabeljic,Forward,St. Louis,None,0,0,Peter Vermes,0,0,0,473.2355767573,-473.2355767573
38,2015,VAN,kay banjo,Forward,UMBC,None,1,0,Carl Robinson,0,0,0,473.2355767573,-473.2355767573
39,2007,HOU,mike sambursky,F,South Carolina,None,0,0,Dominic Kinnear,0,0,0,472.1129649751,-472.1129649751
39,2008,SKC,matt marquess,D,Santa Clara,San Jose Frogs,0,0,Curt Onalfo,460,102,562,472.1129649751,89.8870350249
39,2009,TOR,kyle hall,F,Syracuse University,None,1,0,John Carver,0,0,0,472.1129649751,-472.1129649751
39,2010,RSL,chris schuler,Defender,Creighton University,Chicago Fire Premier,1,0,Jason Kreis,108,1736,1844,472.1129649751,1371.8870350249
39,2011,NE,steven perry,Forward,University of Notre Dame,Indiana Invaders,1,0,Steve Nicol,0,0,0,472.1129649751,-472.1129649751
39,2014,POR,george fochive,Midfielder,Connecticut,Real Maryland,1,0,Caleb Porter,0,719,719,472.1129649751,246.8870350249
39,2015,NYRB,stefano bonomo,Forward,California,None,0,0,Jesse Marsch,0,0,0,472.1129649751,-472.1129649751
40,2007,TOR,jeffrey gonsalves,F,Rhode Island,None,0,0,Mo Johnston,0,0,0,472.430136406,-472.430136406
40,2008,CHI,stephen king,M,Maryland,None,0,0,Denis Hamlett,1032,523,1555,472.430136406,1082.569863594
40,2009,NE,darrius barnes,D,Duke University,Cary RailHawks U23's,0,0,Steve Nicol,3264,2176,5440,472.430136406,4967.569863594
40,2010,COL,chad borak,Defender,Cal State Northridge,Orange County Blue Star,0,0,Gary Smith,0,0,0,472.430136406,-472.430136406
40,2011,CHV,jon okafor,Midfielder,Brown University,Central Jersey Spartans,0,0,Robin Fraser,0,0,0,472.430136406,-472.430136406
40,2014,CHV,kris tyrpak,Forward,Houston Baptist,Austin Aztex,0,0,Wilmer Cabrera,0,0,0,472.430136406,-472.430136406
40,2015,SEA,oniel fisher,Midfielder,New Mexico,New York Red Bulls U-23,0,0,Sigi Schmid,920,252,1172,472.430136406,699.569863594
41,2007,CLB,aaron chandler,F,San Francisco,None,0,0,Sigi Schmid,0,0,0,473.0152800701,-473.0152800701
41,2008,NE,matt britner,D,Brown,None,0,0,Steve Nicol,0,0,0,473.0152800701,-473.0152800701
41,2009,HOU,danny cruz,M,University of Nevada Las Vegas,Des Moines Menace,0,1,Dominic Kinnear,129,1646,1775,473.0152800701,1301.9847199299
41,2010,SKC,mauro fuzetti,Midfielder,University of Michigan,Michigan Bucks,1,0,Peter Vermes,0,0,0,473.0152800701,-473.0152800701
41,2011,PHI,levi houapeu,Forward,University of Maryland Baltimore County,Reading United,0,0,Piotr Nowak,0,0,0,473.0152800701,-473.0152800701
41,2014,SKC,peter schmetz,Midfielder,UC Santa Barbara,Ventura County Fusion,1,0,Peter Vermes,0,0,0,473.0152800701,-473.0152800701
41,2015,PHI,eric bird,Midfielder,Virginia,None,1,0,Jim Curtin,0,0,0,473.0152800701,-473.0152800701
42,2007,SKC,kurt morsink,M,James Madison,None,0,0,Curt Onalfo,1080,1468,2548,472.6965849872,2075.3034150128
42,2008,HOU,geoff cameron,M,Rhode Island,Rhode Island Stingrays,0,0,Dominic Kinnear,1113,3155,4268,472.6965849872,3795.3034150128
42,2009,SKC,neal kitson,GK,St. John's University,Newark Ironbound Express,1,0,Curt Onalfo,0,0,0,472.6965849872,-472.6965849872
42,2010,CHV,isaac kissi,Midfielder,University of Dayton,None,0,0,Martin Vasquez,0,0,0,472.6965849872,-472.6965849872
42,2011,NE,ryan kinne,Midfielder,Monmouth University,Central Jersey Spartans,0,0,Steve Nicol,4,0,4,472.6965849872,-468.6965849872
42,2014,CLB,fifi baiden,Midfielder,UC Santa Barbara,None,0,0,Gregg Berhalter,22,0,22,472.6965849872,-450.6965849872
42,2015,DC,dan metzger,Midfielder,Maryland,Austin Aztex,1,0,Ben Olsen,0,0,0,472.6965849872,-472.6965849872
43,2007,FCD,tommy krizanovic,F,Jacksonville,None,1,0,Steve Morrow,0,0,0,470.3022401772,-470.3022401772
43,2008,CHV,keith savage,M,West Florida,Central Florida Kraze,1,0,Preki,356,0,356,470.3022401772,-114.3022401772
43,2009,CHI,david sias,D,UC Irvine,Orange County Blue Star,0,0,Denis Hamlett,0,0,0,470.3022401772,-470.3022401772
43,2010,HOU,david walker,Midfielder,UC Santa Barbara,None,1,0,Dominic Kinnear,0,0,0,470.3022401772,-470.3022401772
43,2011,TOR,matt gold,Defender,Ohio State University,None,1,0,Aron Winter,55,0,55,470.3022401772,-415.3022401772
43,2014,FCD,nick walker,Defender,Fairleigh Dickinson,Michigan Bucks,0,0,Oscar Pareja,9,0,9,470.3022401772,-461.3022401772
43,2015,ORL,earl edwards,Goalkeeper,UCLA,Seattle Sounders FC U-23,0,0,Adrian Heath,0,0,0,470.3022401772,-470.3022401772
44,2007,LA,tally hall,GK,San Diego State,None,0,0,Frank Yallop,0,0,0,464.66043466,-464.66043466
44,2008,NYRB,david roth,M,Northwestern,Chicago Fire Premier,1,0,Juan Carlos Osorio,0,0,0,464.66043466,-464.66043466
44,2009,NYRB,nick zimmerman,D,James Madison University,None,0,0,Juan Carlos Osorio,915,192,1107,464.66043466,642.33956534
44,2010,FCD,eric alexander,Midfielder,Indiana University,Kalamazoo Outrage,1,0,Schellas Hyndman,1274,1530,2804,464.66043466,2339.3395653401
44,2011,TOR,efrain burgos,Midfielder,California Polytechnic State University,Chicago Fire Premier,1,0,Aron Winter,0,21,21,464.66043466,-443.66043466
44,2014,PHI,richie marquez,Defender,Redlands,None,0,0,John Hackworth,0,1943,1943,464.66043466,1478.3395653401
44,2015,NYC,andre rawls,Goalkeeper,St. Mary's,None,0,0,Patrick Vieira,0,0,0,464.66043466,-464.66043466
45,2007,LA,bobby burling,D,Loyola Marymount,None,1,0,Frank Yallop,0,2005,2005,454.5993574554,1550.4006425446
45,2008,FCD,jamil roberts,D,Santa Clara,None,1,0,Steve Morrow,19,0,19,454.5993574554,-435.5993574554
45,2009,CLB,alex grendi,M,University of Pennsylvania,None,0,0,Robert Warzycha,153,0,153,454.5993574554,-301.5993574554
45,2010,CHI,steven kinney,Defender,Elon University,Carolina Dynamo,0,0,Carlos de los Cobos,1164,0,1164,454.5993574554,709.4006425446
45,2011,CHI,jason herrick,Forward,University of Maryland,None,0,0,Carlos de los Cobos,0,0,0,454.5993574554,-454.5993574554
45,2014,CLB,adam bedell,Forward,Detroit-Mercy,Detroit City FC,1,0,Gregg Berhalter,685,0,685,454.5993574554,230.4006425446
45,2015,MTL,cameron porter,Forward,Princeton,None,0,0,Frank Klopas,44,43,87,454.5993574554,-367.5993574554
46,2007,CHV,cameron dunn,D,UC Irvine,None,0,0,Preki,0,0,0,441.7170049513,-441.7170049513
46,2008,LA,brandon mcdonald,M,San Francisco,San Jose Frogs,0,0,Ruud Gullit,1252,1908,3160,441.7170049513,2718.2829950487
46,2009,SEA,mike fucito,M,Harvard University,None,0,0,Sigi Schmid,0,56,56,441.7170049513,-385.7170049513
46,2010,HOU,samuel appiah,Midfielder,Boston University,None,0,0,Dominic Kinnear,0,0,0,441.7170049513,-441.7170049513
46,2011,SKC,konrad warzycha,Midfielder,Ohio State University,None,0,0,Peter Vermes,0,2,2,441.7170049513,-439.7170049513
46,2014,PHI,alex sweetin,Midfielder,St. Louis,None,1,0,John Hackworth,0,0,0,441.7170049513,-441.7170049513
46,2015,SJ,keasel broome,Goalkeeper,Providence,Boston Rams,0,0,Dominic Kinnear,0,0,0,441.7170049513,-441.7170049513
47,2007,CHI,simon omekanda,F,Penn State,None,0,0,Dave Sarachan,0,0,0,428.4360724164,-428.4360724164
47,2008,COL,brian grazier,M,Saint Louis,None,0,0,Fernando Clavijo,0,0,0,428.4360724164,-428.4360724164
47,2009,COL,ross schunk,F,University of Redlands,Los Angeles Legends,1,0,Gary Smith,12,0,12,428.4360724164,-416.4360724164
47,2010,CHV,ben zemanski,Midfielder,University of Akron,Cleveland Internationals,1,0,Martin Vasquez,1865,2178,4043,428.4360724164,3614.5639275836
47,2011,SEA,alex caskey,Midfielder,Davidson College,Atlanta Blackhawks,0,0,Sigi Schmid,0,1155,1155,428.4360724164,726.5639275836
47,2014,SJ,a.j. corrado,Midfielder,Indiana,None,0,0,Mark Watson,0,0,0,428.4360724164,-428.4360724164
47,2015,NE,marc fenelus,Forward,Cal State Fullerton,None,1,0,Jay Heaps,0,0,0,428.4360724164,-428.4360724164
48,2007,NE,adam cristman,F,Virginia,None,1,0,Steve Nicol,1717,1571,3288,414.8217971919,2873.1782028081
48,2008,CLB,steven lenhart,F,Azusa Pacific,Southern California Seahorses,0,0,Sigi Schmid,336,1287,1623,414.8217971919,1208.1782028081
48,2009,LA,kyle patterson,M,Saint Louis University,St. Louis Lions,0,0,Bruce Arena,153,0,153,414.8217971919,-261.8217971919
48,2010,NE,jason griffiths,Midfielder,University of Kentucky,Des Moines Menace,1,0,Steve Nicol,455,0,455,414.8217971919,40.1782028081
48,2011,CLB,bernardo anor,Midfielder,University of South Florida,Bradenton Academics,0,0,Robert Warzycha,678,539,1217,414.8217971919,802.1782028081
48,2014,MTL,pete caringi,Forward,UMBC,Baltimore Bohemians,0,0,Frank Klopas,0,0,0,414.8217971919,-414.8217971919
48,2015,SEA,andy craven,Forward,North Carolina,Chicago Fire Premier,1,0,Sigi Schmid,82,0,82,414.8217971919,-332.8217971919
49,2007,CLB,ben hunter,F,North Carolina,None,1,0,Sigi Schmid,0,0,0,400.9394166189,-400.9394166189
49,2008,COL,scott campbell,M,North Carolina,None,1,0,Fernando Clavijo,0,0,0,400.9394166189,-400.9394166189
49,2009,CHV,jamie franks,M,Wake Forest University,None,1,0,Preki,0,0,0,400.9394166189,-400.9394166189
49,2010,PHI,brian perk,Goalkeeper,UCLA,Seattle Wolves,0,0,Piotr Nowak,0,97,97,400.9394166189,-303.9394166189
49,2011,TOR,joao plata,Midfielder,LDU Quito,None,1,0,Aron Winter,1855,681,2536,400.9394166189,2135.0605833811
49,2014,COL,tolani ibikunle,Defender,Wake Forest,Reading United,0,0,Pablo Mastroeni,0,0,0,400.9394166189,-400.9394166189
49,2015,HOU,taylor hunter,Midfielder,Denver,None,0,0,Owen Coyle,95,0,95,400.9394166189,-305.9394166189
50,2007,DC,luis robles,GK,Portland,None,0,0,Tom Soehn,0,0,0,386.8541680388,-386.8541680388
50,2008,FCD,ben nason,M,Virginia Tech,None,0,0,Schellas Hyndman,0,0,0,386.8541680388,-386.8541680388
50,2009,SKC,akeem priestley,F,University of Connecticut,None,1,0,Curt Onalfo,0,0,0,386.8541680388,-386.8541680388
50,2010,NYRB,irving garcia,Midfielder,University of California Irvine,Orange County Blue Star,0,0,Hans Backe,0,0,0,386.8541680388,-386.8541680388
50,2011,DC,joe willis,Goalkeeper,University of Denver,Real Colorado Foxes,1,0,Ben Olsen,283,1030,1313,386.8541680388,926.1458319612
50,2014,NE,pierre omanga,Forward,SNHU,GPS Portland Phoenix,0,0,Jay Heaps,0,0,0,386.8541680388,-386.8541680388
50,2015,TOR,mike ramos,Forward,Whitworth,None,0,0,Greg Vanney,0,0,0,386.8541680388,-386.8541680388
51,2007,NE,kyle helton,D,Duke,None,0,0,Steve Nicol,0,0,0,372.6312887926,-372.6312887926
51,2008,LA,matt hatzke,D,Santa Clara,None,1,0,Ruud Gullit,0,0,0,372.6312887926,-372.6312887926
51,2009,COL,jordan seabrook,F,University of South Florida,Bradenton Academics,1,0,Gary Smith,0,0,0,372.6312887926,-372.6312887926
51,2010,CHI,sean johnson,Goalkeeper,University of Central Florida,Atlanta Blackhawks,1,1,Carlos de los Cobos,1414,2685,4099,372.6312887926,3726.3687112074
51,2011,CHI,davis paul,Forward,University of California, Berkeley,1,0,Carlos de los Cobos,46,0,46,372.6312887926,-326.6312887926
51,2014,VAN,michael kafari,Midfielder,New Mexico,Austin Aztex,1,0,Carl Robinson,0,0,0,372.6312887926,-372.6312887926
51,2015,PHI,aaron simmons,Defender,UCLA,OC Pateadores Blues,0,0,Jim Curtin,0,0,0,372.6312887926,-372.6312887926
52,2007,HOU,eric ebert,M,California,None,0,0,Dominic Kinnear,0,309,309,358.3360162217,-49.3360162217
52,2008,DC,tony schmitz,M,Creighton,None,0,0,Tom Soehn,0,0,0,358.3360162217,-358.3360162217
52,2009,CHI,jokull elisabertarson,M,UNC-Greensboro,Carolina Dynamo,1,0,Denis Hamlett,0,0,0,358.3360162217,-358.3360162217
52,2010,SKC,ofori sarkodie,Defender,Indiana University,None,0,0,Peter Vermes,0,0,0,358.3360162217,-358.3360162217
52,2011,RSL,jarad van schaik,Midfielder,University of Portland,None,1,0,Jason Kreis,0,0,0,358.3360162217,-358.3360162217
52,2014,PHI,aodhan quinn,Midfielder,Akron,Seattle Sounders FC U-23,1,0,John Hackworth,0,0,0,358.3360162217,-358.3360162217
52,2015,POR,anthony manning,Defender,Saint Louis,None,0,0,Caleb Porter,0,0,0,358.3360162217,-358.3360162217
53,2008,SKC,rauwshan mckenzie,D,Michigan State,Chicago Fire Premier,0,0,Curt Onalfo,0,528,528,344.0335876672,183.9664123328
53,2009,COL,henry kalungi,D,Winthrop University,Fredericksburg Gunners,1,0,Gary Smith,0,0,0,344.0335876672,-344.0335876672
53,2010,TOR,joseph nane,Midfielder,Old Dominion University,Hampton Roads Piranhas,0,0,Preki,742,350,1092,344.0335876672,747.9664123328
53,2011,FCD,scott gordon,Defender,Lynn University,Baton Rouge Capitals,0,0,Schellas Hyndman,0,34,34,344.0335876672,-310.0335876672
53,2014,RSL,joey dillon,Midfielder,Georgetown,Michigan Bucks,1,0,Jeff Cassar,0,0,0,344.0335876672,-344.0335876672
53,2015,SKC,james rogers,Midfielder,New Mexico,Ogden Outlaws,0,0,Peter Vermes,0,0,0,344.0335876672,-344.0335876672
54,2008,CHI,austin washington,D,Gonzaga,Spokane Spiders,0,0,Denis Hamlett,72,435,507,329.7892404703,177.2107595297
54,2009,RSL,raphael cox,M,University of Washington,Tacoma Tide,1,0,Jason Kreis,251,0,251,329.7892404703,-78.7892404703
54,2010,FCD,dane saintus,Midfielder,South Methodist University,DFW Tornados,0,0,Schellas Hyndman,0,0,0,329.7892404703,-329.7892404703
54,2011,NE,alan koger,Forward,College of William & Mary,None,1,0,Steve Nicol,0,0,0,329.7892404703,-329.7892404703
54,2014,HOU,michael lisch,Goalkeeper,New Mexico,Austin Aztex,0,0,Dominic Kinnear,0,0,0,329.7892404703,-329.7892404703
54,2015,VAN,jovan blagojevic,Forward,Simon Fraser,None,0,0,Carl Robinson,0,0,0,329.7892404703,-329.7892404703
55,2008,NE,spencer wadsworth,F,Duke,None,0,0,Steve Nicol,0,0,0,315.6682119723,-315.6682119723
55,2009,NE,tyrel lacey,GK,University of Tulsa,None,0,0,Steve Nicol,0,0,0,315.6682119723,-315.6682119723
55,2010,DC,jordan graye,Defender,University of North Carolina,Cary Clarets,0,0,Curt Onalfo,2009,0,2009,315.6682119723,1693.3317880277
55,2014,SEA,stefano rijssel,Forward,W Connection,None,1,0,Sigi Schmid,0,0,0,315.6682119723,-315.6682119723
55,2015,CLB,robert kristo,Forward,Saint Louis,None,0,0,Gregg Berhalter,0,0,0,315.6682119723,-315.6682119723
56,2008,HOU,jeremy barlow,M,Virginia,None,0,0,Dominic Kinnear,0,0,0,301.5768278978,-301.5768278978
56,2009,HOU,marcus tracy,F,Wake Forest University,Carolina Dynamo,0,0,Dominic Kinnear,0,0,0,301.5768278978,-301.5768278978
56,2010,COL,chris cutshaw,Midfielder,Bradley University,Chicago Fire Premier,0,0,Gary Smith,0,0,0,301.5768278978,-301.5768278978
56,2014,DC,zach barnes,Midfielder,Creighton,Portland Timbers U23,1,0,Ben Olsen,0,0,0,301.5768278978,-301.5768278978
56,2015,FCD,will seymore,Defender,Oregon State,Portland Timbers U23s,0,0,Oscar Pareja,0,0,0,301.5768278978,-301.5768278978
57,2009,RSL,mfana futhi bhembe,F,Alabama A&M University,None,0,0,Jason Kreis,0,0,0,287.3787116077,-287.3787116077
57,2010,NE,adam welch,Defender,Lehigh University,Reading Rage,0,0,Steve Nicol,0,0,0,287.3787116077,-287.3787116077
57,2014,SKC,alex martinez,Midfielder,NC State,Carolina Dynamo,0,0,Peter Vermes,479,0,479,287.3787116077,191.6212883923
57,2015,RSL,jordan murrell,Defender,Syracuse,K-W United FC,0,0,Jeff Cassar,0,0,0,287.3787116077,-287.3787116077
58,2009,CHI,richard jata,M,Campbell University,Carolina Dynamo,0,0,Denis Hamlett,0,0,0,273.0750468974,-273.0750468974
58,2010,CHV,chris ross,Midfielder,Colgate University,DFW Tornados,0,0,Martin Vasquez,0,0,0,273.0750468974,-273.0750468974
58,2014,VAN,mackenzie pridham,Forward,Cal Poly,None,1,0,Carl Robinson,0,0,0,273.0750468974,-273.0750468974
58,2015,VAN,adam montague,Midfielder,Michigan State,Michigan Bucks,1,0,Carl Robinson,0,0,0,273.0750468974,-273.0750468974
59,2009,COL,michael holody,D,University of Michigan,Michigan Bucks,1,0,Gary Smith,96,0,96,258.6670175625,-162.6670175625
59,2010,SEA,jamel wallace,Midfielder,San Diego State University,None,0,0,Sigi Schmid,0,0,0,258.6670175625,-258.6670175625
59,2014,CHV,michael nwiloh,Defender,Georgia State,None,0,0,Wilmer Cabrera,0,0,0,258.6670175625,-258.6670175625
59,2015,NYRB,shawn mclaws,Midfielder,Coastal Carolina,Ocean City Nor'easters,0,0,Jesse Marsch,0,0,0,258.6670175625,-258.6670175625
60,2009,CLB,chris clements,D,University of Tulsa,None,0,0,Robert Warzycha,0,0,0,244.1558073984,-244.1558073984
60,2010,CLB,kwaku nyamekye,Defender,Harvard University,None,0,0,Robert Warzycha,0,0,0,244.1558073984,-244.1558073984
60,2014,TOR,kene eze,Forward,Rutgers,None,0,0,Ryan Nelsen,0,0,0,244.1558073984,-244.1558073984
60,2015,CLB,tomas gomez,Goalkeeper,Georgetown,Orlando City U-23,1,0,Gregg Berhalter,0,0,0,244.1558073984,-244.1558073984
61,2010,CLB,othaniel yanez,Midfielder,University of Louisville,Yakima Reds,1,0,Robert Warzycha,0,0,0,229.5426002006,-229.5426002006
61,2014,CHI,zach bolden,Midfielder,Denver,None,1,0,Frank Yallop,0,0,0,229.5426002006,-229.5426002006
61,2015,VAN,spencer richey,Goalkeeper,Washington,Washington Crossfire,1,0,Carl Robinson,0,0,0,229.5426002006,-229.5426002006
62,2010,HOU,euan holden,Defender,University of New Mexico,Austin Aztex U23,0,0,Dominic Kinnear,0,0,0,214.8285797647,-214.8285797647
62,2014,FCD,ronny santos mendoza,Defender,Manta FC,None,0,0,Oscar Pareja,0,0,0,214.8285797647,-214.8285797647
62,2015,LA,daniel keller,Defender,Louisville,Chicago Fire Premier,0,0,Bruce Arena,0,0,0,214.8285797647,-214.8285797647
63,2010,CLB,shaun francis,Defender,Lindsey Wilson College,Thunder Bay Chill,1,0,Robert Warzycha,1200,451,1651,200.0149298862,1450.9850701138
63,2014,PHI,luca gimenez,Midfielder,Wake Forest,None,0,0,John Hackworth,0,0,0,200.0149298862,-200.0149298862
63,2015,ORL,sidney rivera,Forward,Old Dominion,None,0,0,Adrian Heath,0,0,0,200.0149298862,-200.0149298862
64,2010,RSL,kris banghart,Defender,University of Denver,Colorado Foxes,0,0,Jason Kreis,0,0,0,185.1028343606,-185.1028343606
64,2014,VAN,michael calderon,Midfielder,New Mexico,None,0,0,Carl Robinson,0,0,0,185.1028343606,-185.1028343606
64,2015,NYC,markus naglestad,Forward,Providence,Connecticut FC Azul,0,0,Patrick Vieira,0,0,0,185.1028343606,-185.1028343606
65,2014,CHI,kadeem dacres,Forward,UMBC,Reading United,0,0,Frank Yallop,0,0,0,170.0934769833,-170.0934769833
65,2015,MTL,cameron iwasa,Forward,UC Irvine,OC Pateadores Blues,0,0,Frank Klopas,0,0,0,170.0934769833,-170.0934769833
66,2014,SJ,devante dubose,Defender,Virginia Tech,Midland/Odessa Sockers,0,0,Mark Watson,0,0,0,154.9880415499,-154.9880415499
66,2015,SJ,chimdum mez,Forward,Cal State Sacramento,Los Angeles Misioneros,0,0,Dominic Kinnear,0,0,0,154.9880415499,-154.9880415499
67,2014,MTL,jordan ongaro,Forward,San Diego State,None,0,0,Frank Klopas,0,0,0,139.7877118558,-139.7877118558
67,2015,COL,dominique badji,Forward,Boston,Boston Rams,0,0,Pablo Mastroeni,855,1681,2536,139.7877118558,2396.2122881442
68,2014,COL,albert edward,Defender,Lindsey Wilson College,Des Moines Menace,0,0,Pablo Mastroeni,0,0,0,124.4936716966,-124.4936716966
68,2015,CHI,alex shinsky,Midfielder,Maryland,Baltimore Bohemians,0,0,Frank Yallop,0,0,0,124.4936716966,-124.4936716966
69,2014,DC,travis golden,Defender,Campbell,Austin Aztex,1,0,Ben Olsen,0,0,0,109.1071048678,-109.1071048678
69,2015,CLB,kalen ryden,Defender,Midwestern,Midland/Odessa Sockers,1,0,Gregg Berhalter,0,0,0,109.1071048678,-109.1071048678
70,2014,RSL,daniel jackson,Forward,Coker College,D.C. United U-23,1,0,Jeff Cassar,0,0,0,93.6291951649,-93.6291951649
70,2015,TOR,sal bernal,Forward,UNLV,Las Vegas Mobsters,0,0,Greg Vanney,0,0,0,93.6291951649,-93.6291951649
71,2014,POR,victor chavez,Forward,UCLA,Ventura County Fusion,1,0,Caleb Porter,0,0,0,78.0611263834,-78.0611263834
71,2015,PHI,raymond lee,Midfielder,Saint Louis,None,0,0,Jim Curtin,19,0,19,78.0611263834,-59.0611263834
72,2015,VAN,craig nitti,Defender,Loyola Marymount,Portland Timbers U23s,1,0,Carl Robinson,0,0,0,62.4040823188,-62.4040823188
73,2014,POR,nikita kotlov,Midfielder,Indiana,None,1,0,Caleb Porter,0,0,0,46.6592467665,-46.6592467665
73,2015,SKC,tony rocha,Defender,Tulsa,Tulsa Athletics,0,0,Peter Vermes,0,331,331,46.6592467665,284.3407532335
74,2014,SJ,billy knutsen,Goalkeeper,American,None,1,0,Mark Watson,0,0,0,30.8278035221,-30.8278035221
74,2015,VAN,nikola paunic,Defender,South Florida,K-W United FC,0,0,Carl Robinson,0,0,0,30.8278035221,-30.8278035221
75,2014,CHI,bryan ciesiulka,Midfielder,Marquette,Chicago Fire Premier,1,0,Frank Yallop,0,0,0,14.9109363812,-14.9109363812
75,2015,SEA,charlie lyon,Goalkeeper,Marquette,None,1,0,Sigi Schmid,0,0,0,14.9109363812,-14.9109363812
76,2014,SKC,reinaldo brenes,Forward,Akron,Portland Timbers U23s,0,0,Peter Vermes,0,0,0,0,0
76,2015,FCD,janeil hoilett,Midfielder,FSV Frankfurt,None,0,0,Oscar Pareja,0,0,0,0,0
77,2014,SEA,fabio pereira,Midfielder,Michigan,None,1,0,Sigi Schmid,0,0,0,0,0
77,2015,RSL,lucas baldin,Midfielder,South Florida,Seattle Sounders FC U-23,0,0,Jeff Cassar,0,0,0,0,0
78,2015,COL,matt jeffrey,Defender,Monmouth,None,1,0,Pablo Mastroeni,0,0,0,0,0
79,2015,NYRB,manolo sanchez,Midfielder,Clemson,Reading United,0,0,Jesse Marsch,36,0,36,0,36
80,2015,SEA,andrew bevin,Forward,West Virginia,None,0,0,Sigi Schmid,0,0,0,0,0
81,2015,TOR,tyler engel,Forward,North Carolina,Chicago Fire Premier,1,0,Greg Vanney,0,0,0,0,0
82,2015,LA,andrew wolverton,Goalkeeper,Penn State,IMG Academy Bradenton,0,0,Bruce Arena,0,0,0,0,0
83,2015,COL,brandon fricke,Defender,Butler,Des Moines Menace,1,0,Pablo Mastroeni,0,0,0,0,0
84,2015,POR,seth casiple,Midfielder,California,Austin Aztex,1,0,Caleb Porter,0,0,0,0,0
